8896,7777,1581855398,Donald Knuth

8896,7777,1581857215,Richard Stallman
8896,7777,1581857292,Donald Knuth
8896,7777,1581857331,Richard Stallman
8896,7777,1581857369,Aristotle
8896,7777,1581857422,Aristotle
8896,7777,1581857458,Nicolaus Copernicus
8896,7777,1581857541,Carl Sassenrath
8896,7777,1581857571,Archimedes
8896,7777,1581857636,Archimedes
8896,7777,1581857722,Bjarne Stroustrup
8896,7777,1581857761,Aristotle
8896,7777,1581857793,Nicolaus Copernicus
8896,7777,1581857866,Daniel Bernoulli
8896,7777,1581857947,Daniel Bernoulli
8896,7777,1581858028,Bjarne Stroustrup
8896,7777,1581858099,Aristotle
8896,7777,1581858161,Richard Stallman
8896,7777,1581858248,Richard Stallman
8896,7777,1581858328,Donald Knuth
8896,7777,1581858370,Graham Bell
8896,7777,1581858449,Aristotle
8896,7777,1581858499,Bjarne Stroustrup
8896,7777,1581858563,Aristotle
8896,7777,1581858646,Archimedes
8896,7777,1581858717,Bjarne Stroustrup
8896,7777,1581858777,Richard Stallman
8896,7777,1581858832,Nicolaus Copernicus
8896,7777,1581858877,Carl Sassenrath
8896,7777,1581858943,Carl Sassenrath
8896,7777,1581858980,Aristotle
8896,7777,1581859021,Andre-Marie Ampere
8896,7777,1581859065,Andre-Marie Ampere
8896,7777,1581859148,Carl Sassenrath
8896,7777,1581859189,Graham Bell
8896,7777,1581859234,Donald Knuth
8896,7777,1581859285,Richard Stallman
8896,7777,1581859342,Aristotle
8896,7777,1581859399,Carl Sassenrath
8896,7777,1581859442,Andre-Marie Ampere
8896,7777,1581859483,Archimedes
8896,7777,1581859540,Donald Knuth
8896,7777,1581859624,Nicolaus Copernicus
8896,7777,1581859671,Andre-Marie Ampere
8896,7777,1581859737,Donald Knuth
8896,7777,1581859793,Daniel Bernoulli
8896,7777,1581859853,Graham Bell
8896,7777,1581859920,Graham Bell
8896,7777,1581859953,Carl Sassenrath
8896,7777,1581859984,Archimedes
8896,7777,1581860072,Richard Stallman
8896,7777,1581860116,Andre-Marie Ampere
8896,7777,1581860175,Daniel Bernoulli
8896,7777,1581860262,Richard Stallman
8896,7777,1581860302,Donald Knuth
8896,7777,1581860343,Graham Bell
8896,7777,1581860398,Archimedes

8896,7777,1581860852,Andre-Marie Ampere

8896,7777,1581860884,Daniel Bernoulli

8896,7777,1581860893,Daniel Bernoulli
8896,7777,1581860940,Carl Sassenrath
8896,7777,1581860990,Andre-Marie Ampere

